"","X","Filename","LI","session","LI.mean","LI.se","LI.N","A_param1","A_param2","A_param3","A_param4","A_LI.est","A_LIest.se","A_p.interact","A_R2","A_AIC","A_BIC","B_param1","B_param2","B_param3","B_LI.est","B_LIest.se","B_p.interact","B_R2","B_AIC","B_BIC","C_param1","C_param2","C_param3","C_LI.est","C_LIest.se","C_p.interact","C_R2","C_AIC","C_BIC"
"1",1,"A2_001_D1",4.183821441,1,5.5777166392388,1.66790756458705,15,-104.790532228101,-3.40544544624273,-0.777561367388439,0.406176985970344,4.56335295850466,1.0467075293987,0,0.0829578553631095,6003.4,6046.4,100.259930315145,3.05979772481221,1.20789441196105,-4.70925430516812,0.887917116363234,0,0.299152500141839,5771.7,5878.4,100.622728806714,2.7587756616057,1.20789441200871,4.70925430503984,0.678471698167564,0,0.590793856874621,5372.6,5876.2
"2",2,"A2_002_D1",1.367963118,1,1.35275074633151,0.592946873612431,15,-105.96072366454,1.60377205786933,1.37877976675109,0.182168973487673,0.988558965750514,0.704641077528463,0.16,0.0742876204433938,6716.8,6761.7,100.302618637521,2.82911189581825,0.164878695581403,-1.09188741157147,0.625321686361297,0.08,0.237625511418497,6512.7,6624.9,99.9780162179812,3.20513151998253,0.164878695578955,-1.0918874115616,0.318793335797403,0,0.801856494359814,5152.1,5804.3
"3",3,"A2_003_D1",3.102999587,1,2.64498875670055,0.874552598421271,15,-107.52009102576,-6.30969075958841,1.21926211933984,-0.18920650609457,2.51359668344952,0.846718572551776,0,0.175541564623298,8973.2,9019.9,100.74162838689,2.60203799174599,1.14361727511568,-2.88927475620821,0.69068238209076,0,0.425710598801857,8499.6,8613.8,100.536203164236,1.99472508283065,1.14361727513924,2.88927475622698,0.414181046187768,0,0.793483628242615,7247.9,7940.7
"4",4,"A2_004_D1",0.370684361,1,0.900466606335764,0.883539646291641,15,-99.3620583012154,-4.76451272434932,-8.4174373523751,-0.326178145598842,0.895495809147875,0.728990081211891,0.22,0.262201982609799,5205,5247.9,100.483167165688,0.178926838258042,0.670349975479028,-1.06650500992041,0.668947360535468,0.11,0.349182486400429,5102.1,5204.1,99.2633447291442,1.59057989614166,0.67034997548558,-1.06650500995786,0.421409545676045,0.01,0.741723983046439,4395.6,4968.8
"5",5,"A2_005_D1",2.611740105,1,3.17697164247358,0.521772373637984,15,-106.402228447037,-6.78252558448662,0.739061187973409,1.33588814374198,2.23269765766924,0.928680296318272,0.02,0.166102662833852,9955.3,10002.6,103.013300706774,-0.324200493607855,-0.924315934674947,-1.23626930552165,0.864495220019852,0.15,0.247911308958147,9814.5,9930.2,102.94947808548,0.208873801006758,-0.924315934597307,1.23626930557902,0.414312957234194,0,0.827256825232567,7840.2,8598.5
"6",6,"A2_006_D1",1.633816486,1,1.66814492719266,0.459137333773349,15,-101.777485953997,-7.13184538452243,-4.03116232840799,-0.178243692658624,2.00518076823537,0.825735471368813,0.02,0.150252623829648,8661.3,8707.8,101.750061877324,0.766092812567989,0.622362022596179,-1.35805971940896,0.74533901885451,0.07,0.278641073885215,8454.7,8566.1,105.109583598986,3.07266823025011,0.622362022665162,-1.3580597193224,0.380089946414198,0,0.812407072753916,6821.7,7540.7
"7",7,"A2_007_D1",-0.81708594,1,-0.82863643027088,0.658692945400091,15,-101.82092659682,-1.08890303134838,-0.340220542378024,0.339781646088068,-0.494858298431341,0.575228041406685,0.39,0.0342575666598851,7057.2,7103,102.63433605373,-1.81840463762203,-0.528539208768779,0.585990345843966,0.519311099710295,0.26,0.17970623852709,6867.8,6981.4,103.097406335211,-1.32295262698318,-0.528539208765734,-0.585990345856414,0.290072787194185,0.04,0.744065888233875,5573.5,6239.4
"8",8,"A2_008_D1",3.397753465,1,3.44920913462791,0.657064908359112,15,-103.840523813675,-10.3664327327355,-4.76685196489232,-0.0967178420082687,2.69598087744583,0.896161013255296,0,0.290558709809273,6604.7,6648.9,101.124011954724,2.67313769500198,0.870797021013101,-2.32847174573213,0.740557317502088,0,0.493128341431884,6273.6,6385.3,100.619238043778,2.4306300210935,0.870797020976879,-2.32847174570821,0.417511724447228,0,0.838891666683179,5215.5,5820.7
"9",9,"A2_009_D1",5.846291152,1,5.92153455374055,0.808844868425873,15,-101.482546572887,-2.85946111633465,-3.60659718902823,0.0488211842255101,4.27502586758689,0.625674393790712,0,0.14755493736446,6465.2,6510.1,101.515242089592,1.01761647898411,1.29647161513431,-4.15092393410564,0.530834690127976,0,0.358080415045827,6163.3,6275,101.458841973087,1.44142000822963,1.29647161528992,4.15092393418063,0.374003672227093,0,0.681350114769876,5499.3,6131.7
"10",10,"A2_010_D1",-1.061625295,1,-0.989172239412675,0.295693615646123,15,-103.391295036658,1.98755101205459,-2.09633873516488,0.309354460493201,-1.18625883087992,0.676423898257362,0.08,0.143749677365044,8721.7,8768.8,102.947516658983,-0.557040144983202,-0.710530429126073,1.21921026497527,0.61180450527029,0.05,0.269298365468249,8506.5,8604.6,104.725011678647,-0.979644120435533,-0.710530429126033,1.21921026497519,0.419420632440843,0,0.656588907738903,7581.8,8307.1
"11",11,"A2_011_D1",2.186163339,1,2.23291225889612,0.552041772775916,15,-102.275853203308,-0.895545310256311,-3.33060684946661,0.12284719331078,1.40841623328271,0.798788744933853,0.08,0.0681057875527489,6149.2,6193.1,101.664829453799,0.212750983498299,0.269339571286593,-1.20466043193775,0.703344196951172,0.09,0.251450081869001,5942,6049.3,102.186214501878,0.84356092759479,0.269339571286345,1.20466043193757,0.43990555084333,0.01,0.707177911312029,5129.5,5769.7
"12",12,"A2_012_D1",1.628324733,1,1.87799262709052,0.714842904552752,15,-114.579986850258,-2.95669426878054,0.378842579426885,-0.0286638606693464,1.86304825297983,0.858123519645385,0.03,0.180084706129809,9316.9,9363.9,103.725099559881,-2.84836353775385,0.436850492865045,-1.26904301921676,0.707826571639536,0.07,0.417938730449565,8855.4,8973.6,102.701040043841,-2.18264441675381,0.436850492639455,-1.26904301926738,0.431646875162952,0,0.78354272792976,7613.4,8340
"13",13,"A2_014_D1",1.987067083,1,2.50704324065874,0.938558174468529,15,-100.084782537517,-3.76423297402413,0.504300752348594,0.162465982363888,2.59722590779838,0.867688477098694,0,0.0578917313391192,6986.4,7031.1,103.346157807054,-2.01385908133927,0.657913190948479,-2.44809999636118,0.80619718607502,0,0.145007661601365,6887.2,6985.2,105.566951294409,-1.36086247890287,0.65791319097279,2.44809999637992,0.486798523663946,0,0.688270306888652,5922.9,6587.8
"14",14,"A2_015_D1",3.86174368,1,3.74139585881748,1.03468380728886,15,-105.294871936153,-3.98968745278378,-3.02324206903571,-0.024224414301035,3.06009095643805,0.663640792171485,0,0.119222206166317,6228.8,6273.3,101.433012188866,1.13999130934597,1.02404384214453,-3.0777074035026,0.606185114098699,0,0.238639618170014,6084,6192.9,101.782485773089,1.55570514396077,1.02404384214438,-3.0777074035026,0.402270347176843,0,0.664713721756394,5331.6,5952
"15",15,"A2_016_D1",2.099983978,1,2.09150957575365,0.606999518936205,15,-102.960874043132,-2.46886497967993,1.31740552476356,-0.0042389702876865,2.02305310974996,1.06872534549563,0.06,0.0315761364049929,5775.6,5818.3,100.563130120463,0.830604005382514,0.5817730424615,-1.76698288096411,0.984029132699687,0.07,0.143009600323873,5677,5780.5,100.869984062516,-0.265570237779828,0.581773042469245,1.7669828809668,0.350716647096392,0,0.891138878118563,4023.4,4680.3
"16",16,"A2_017_D1",3.768831179,1,3.53260753504204,0.81548934377415,15,-105.750840678313,-4.8654819609631,-1.03260398475039,0.320216786477641,3.80267519865358,0.702301766020562,0,0.126975433315586,7571.2,7617,102.701252114826,-1.17168964537816,0.878221256565117,-3.63982221033858,0.622385151936449,0,0.290418894711987,7327.9,7442.7,104.688068458553,0.380280399791409,0.878221256565014,-3.63982221033834,0.375298067867408,0,0.741990169662547,6221.9,6953.1
"17",17,"A2_019_D1",2.143884789,1,2.17070382251615,0.478754320814708,15,-111.360085624014,-0.632870853831034,-4.59266924541725,-0.044493728359287,1.41905213834992,0.761359352218101,0.06,0.159764726083402,7704.5,7750.3,103.064528343608,-1.01348169221622,0.441579166909055,-1.21983085453229,0.692003444949546,0.08,0.282125222466163,7522.1,7634.5,102.582726394411,0.776271620985747,0.441579166908915,1.21983085453248,0.382721402350287,0,0.780417522741891,6202.9,6846.1
"18",18,"A2_020_D1",3.314023805,1,3.34569955554245,0.667642876044568,15,-103.558846694088,-3.91630907232672,-3.36948691697351,0.128647216327865,2.80331950175764,0.539983015633559,0,0.163541263171322,6034.9,6079.6,102.141977836107,-1.05233588567574,0.796551809429906,-2.82716421294463,0.485159307997526,0,0.298338197213334,5853.3,5966,102.131369412804,-0.296432565923644,0.79655180944795,-2.82716421294296,0.300166744928761,0,0.731413456366042,4925.8,5577.9
"19",19,"A2_021_D1",1.42012923,1,1.52193776996495,0.852893774596126,15,-105.707878841027,-6.76826591922765,-2.52293131425244,0.195551703533732,1.72328486600601,0.714416218329707,0.02,0.222358608668189,9178.6,9225.9,101.620306437102,2.89940807861337,0.303197927087195,-1.52436379077987,0.625479381079787,0.01,0.376994762392244,8871.5,8990.4,100.18528081203,2.16087613811285,0.30319792708739,1.52436379077922,0.429408387238013,0,0.706365725017398,7915,8632
"20",20,"A2_022_D1",2.331182124,1,2.31203032621716,0.403337649371194,15,-101.765771970943,-9.1755451644888,-3.55552888022587,0.18774334163343,2.2426177688778,0.718968321985354,0,0.303392651429086,7064.8,7110.1,101.938881283366,1.30687850405609,0.477459653544754,-2.00415480763892,0.608049125472935,0,0.472779273373336,6757.4,6867.8,99.2442391587081,1.63170209115718,0.477459653552175,-2.00415480768409,0.377982447257304,0,0.7962683961834,5777.9,6367.8
"21",21,"A2_023_D1",3.028005388,1,3.05078659658554,0.501510252826056,15,-104.560023669978,-4.89604165337286,-2.96659120468424,-0.127916301943608,3.2588390535413,0.53601970772767,0,0.137914457705896,7850.3,7897.1,102.30976121444,-0.444011765588214,1.011084055173,-2.7660166572936,0.490103144181853,0,0.255123610007435,7658.6,7763.7,102.856433295435,-0.222182383490622,1.01108405517017,2.76601665728246,0.304803062439659,0,0.711896931501653,6496.5,7216.4
"22",22,"A2_024_D1",-2.653664302,1,-2.66887921483171,0.47519285119814,15,-102.982765142585,0.0688744459965998,0.269805362388535,-0.0537119455931238,-2.4455043777363,0.584062786654956,0,0.0442619980690252,6744,6789.4,102.13471179882,-1.13841975298572,-0.797776623182392,2.65963526236973,0.505162154636331,0,0.267105747444301,6445,6558.7,101.590561224336,-0.127910022168257,-0.797776623184955,2.65963526237513,0.310838388879397,0,0.722508937013417,5436.6,6143.1
"23",23,"A2_025_D1",4.303374168,1,4.32975344339011,0.683119474832914,15,-102.349230299684,-5.20166951975207,-2.94564215840065,0.0867702947112241,4.24406998085681,0.779673974153655,0,0.0900629829378633,8208.3,8254.5,101.88611060248,0.707299979557234,1.42924874817999,-4.64487872145836,0.711762862512711,0,0.201445858213523,8050,8160.8,101.216246065529,0.870798340025412,1.429248748178,4.64487872145705,0.357490492372991,0,0.798552115860471,6433.6,7155.3
"24",24,"A2_026_D1",3.324237124,1,3.27473250273432,0.621967092782028,15,-105.547478084903,-7.03322269931173,-3.1448073249714,-0.105534825445362,2.07464169105538,0.756293965845471,0.01,0.245971022061504,5889.5,5933.2,101.990801050243,1.24328532558762,0.72941018748414,-1.9173622708811,0.702657175472539,0.01,0.316744230776612,5797.4,5882.4,101.667122214974,1.34602408502758,0.729410187600485,-1.9173622710316,0.418075361875969,0,0.75811692282496,4904,5466.9
"25",25,"A2_027_D1",3.035757056,1,3.11168852279311,0.371228616536209,15,-105.722837017803,-4.77417724297843,-2.08972435105408,-0.0211389452780456,2.92912098392402,0.931242039961059,0,0.12058468557945,5866.9,5910.1,101.701782500079,-1.75219636420689,0.848101789563201,-2.50553710115284,0.862113713103673,0,0.210127045839855,5776.1,5878.6,101.160309617169,-0.76235310308553,0.848101789624792,2.50553710115697,0.403735469368379,0,0.826770461882613,4523.5,5177.8
"26",26,"A2_028_D1",2.575752585,1,2.57908885784953,0.781451147426908,15,-103.967506894218,-3.49261642130909,-3.22911602912182,0.0765140774709614,2.42915089834737,0.708265903579953,0,0.0886671902474093,5668.5,5712.1,101.888145869487,1.34386245115832,0.674883952271492,-2.25570831976894,0.553349612714149,0,0.418355515196249,5254.8,5365.2,101.887948576542,1.91264941849859,0.674883952302332,-2.2557083197454,0.420703314659796,0,0.663790282808819,4819.8,5338.6
"27",27,"A2_029_D1",2.920692497,1,2.82566050825261,0.375079630578874,15,-103.187449603563,-5.42155955332389,-1.50279375847168,0.0821871620796261,2.73484998279068,0.581853664643568,0,0.141264239826878,7006.4,7052.2,101.223722655524,2.0811619456535,0.792745466408364,-2.61630244655608,0.51599634049141,0,0.299172002799321,6770,6877.6,100.41609372937,2.57967104845573,0.792745466411746,2.61630244657885,0.275037412730741,0,0.800886022543734,5384.6,6092.1
"28",28,"A2_030_D1",-1.091503325,1,-1.08577227728074,0.729951790703251,15,-107.361663625694,1.43285708190319,-2.81938138050838,0.194866403128953,-0.993885831605874,0.666213694014461,0.14,0.144451514255511,9252,9299.5,102.208436997751,0.287456279610382,-0.473608622711954,0.849970411408255,0.591893020853823,0.15,0.301345976825965,8964.4,9084.4,105.19291848901,3.780531267862,-0.473608622782469,0.849970411514069,0.339263110516024,0.01,0.770464953466499,7455.8,8179.5
"29",29,"A2_032_D1",4.559622796,1,4.77495621481732,0.842704489120166,15,-98.104769067167,-0.45738402525449,-0.276189575104721,0.0375797739563232,4.14372936558373,0.783497923002873,0,0.0795078490000167,7532.6,7578.1,101.660087750703,-0.159590006806541,1.16741763304505,-3.67875608565623,0.738373668840297,0,0.150898547213282,7444.6,7556.8,101.915852618461,-0.217207958585712,1.16741763304527,3.67875608565643,0.325273920316487,0,0.835219555476999,5646.5,6363.1
"30",30,"A2_033_D1",2.314737002,1,2.28944757976476,0.678277771901241,15,-98.5644730688226,-0.806362137900467,-2.01716670355931,0.0758280368522196,2.02556927972419,0.797785739829886,0.01,0.0752853534688065,5694.3,5737.6,101.485579481395,0.0831751515116415,0.445658185872234,-1.57099585025181,0.68749514173005,0.02,0.275711052848336,5479,5588.3,100.633013598597,0.955848590625863,0.4456581858503,-1.57099585019399,0.339629008964055,0,0.823240751505743,4298,4936.5
"31",31,"A2_034_D1",3.684618832,1,3.54228937295153,0.558466114031162,15,-106.989116265464,-8.03119573210335,-3.00923385754792,0.0295757556609029,3.58422370799904,0.872531688828686,0,0.174590670561563,8859.2,8905.7,101.446502851898,2.99109572419431,1.17108550838058,-3.68135821133065,0.81143411840399,0,0.256337460986653,8729.5,8844.7,105.489054057852,4.9468636196479,1.17108550838761,3.68135821134148,0.470171877475954,0,0.750320621901602,7420.3,8155.7
"32",32,"A2_035_D1",3.446687359,1,3.98565496390552,0.790945568239722,15,-102.46270232094,-9.22928925543879,-11.2373119966482,0.14172075729193,3.61341176124112,1.04212403223074,0,0.325874544524441,4467.7,4508.4,101.413801715019,-0.954317721193977,0.922026634829898,-3.36430219598179,0.982571682461833,0,0.390419100733171,4403.7,4500.7,102.44634806858,-0.849160380679966,0.922026634980102,-3.36430219595495,0.554996058242479,0,0.805516545440555,3706.6,4246.6
"33",33,"A2_036_D1",2.370841251,1,2.59265937950328,0.558537718503906,15,-106.736767004183,-5.38472347072335,-3.27808929350197,-0.0990036239300076,2.32435396175525,0.790177998098631,0,0.0943673768214012,8947.8,8994.7,102.290783221861,1.31309119884833,0.80890409247816,-2.18605527860492,0.75006356789704,0,0.157059405438962,8855.8,8964.4,102.92077944701,2.09834488795091,0.80890409247839,2.18605527860542,0.338271420569084,0,0.828552387837155,6821.4,7554.9
"34",34,"A2_037_D1",6.050076182,1,6.08425339362912,0.724375516395161,15,-102.369195903733,-2.82973198915056,-0.746693360024969,-0.187887723806688,4.77630436208486,0.854799745824332,0,0.0418018912346931,6281.7,6325.6,101.088666869886,3.66185037887963,1.40130287840008,-3.74137180845828,0.797760768787253,0,0.124968726623673,6197.9,6297.4,99.9912360837435,4.09720440421537,1.40130287840169,-3.74137180846221,0.427057514106035,0,0.749244215864218,5085.7,5718.5
"35",35,"A2_038_D1",2.097369706,1,2.29085024245374,0.554589581547932,15,-103.577361229132,-5.02852879771197,-0.600694586591113,-0.452963894307421,2.11885383475507,0.65706687689712,0,0.113773046684771,7995,8041.4,102.788376669882,-0.499079247425713,1.10936898265493,-1.99062143923083,0.542421479590417,0,0.363864585275839,7574.8,7686.6,103.430705926307,-0.722964920239379,1.10936898259234,1.99062143922028,0.317738521054242,0,0.78171919055355,6308.7,7012.7
"36",36,"A2_101_D1",3.977450666,1,4.02637824937956,0.775035833424365,15,-92.9437577523613,-4.56154315759249,-0.435594767447195,0.298303856929472,3.70202410406383,0.626925954349031,0,0.244730598209371,7186.3,7232,101.934978957728,-0.412718806267646,0.725226956559157,-3.14367411441084,0.506416075290923,0,0.48041653301261,6747.8,6856.2,102.221165008177,0.791742957073153,0.72522695652277,-3.14367411438152,0.322082663528184,0,0.789827904045396,5778.7,6456.9
"37",37,"A2_103_D1",3.875055051,1,3.88891280686529,0.514867166575738,15,-102.969268553382,-3.6186985505381,-7.46330657546706,-0.101322194064808,3.259503171854,0.753586129923684,0,0.127629389812781,11041.7,11090.3,101.551917815772,0.348541473443695,1.03403719433355,-2.89634339797729,0.70425605585363,0,0.216898545544042,10871.4,10994.7,102.208900587925,1.91149397758082,1.03403719434539,2.89634339802303,0.41767048420998,0,0.724561641265956,9264.4,9995
"38",38,"A2_104_D1",-0.353108564,1,-0.111961314674234,0.52401154368587,15,-103.174958865726,-4.86928818327325,-1.28780911679214,-0.110322751740595,0.407466480066451,0.670574193631118,0.54,0.132839419091883,8841.4,8888.5,103.085006718736,-1.21987069380028,0.284482416997908,-0.531090736366158,0.615474696117356,0.39,0.232384764917561,8676.2,8784.6,102.5798235352,0.483743269755478,0.28448241699459,-0.531090736363968,0.378241564109328,0.16,0.710091010544172,7434,8174.8
"39",39,"A2_105_D1",6.197763753,1,6.26930458537874,0.695300563957901,15,-103.494749172457,-3.89923730160618,-6.92605584194513,-0.123826352008611,4.693155250655,1.05173223731032,0,0.178607943376523,8090.8,8136.2,101.160517263658,1.09918561238092,1.5541633801812,-4.31101096059431,0.928220993042246,0,0.325800836196659,7869.7,7977.7,102.127678839756,0.629181668854467,1.55416338019871,4.31101096062691,0.371205582652674,0,0.892176249301504,5877.7,6578.2
"40",40,"A2_106_D1",3.002195892,1,2.9824956744697,0.37901965169235,15,-108.51493052238,-3.31453086190135,-4.42911598183399,-0.0878882268337002,3.25170874200023,0.655664160940747,0,0.122952268918411,8684.4,8731.5,102.310652662957,0.237985080986218,1.10503082952977,-3.1018937876445,0.581929167891845,0,0.280050635217187,8418.5,8536.9,102.048162291309,1.02871372302437,1.10503082946732,-3.10189378761823,0.418104334403233,0,0.62835264957165,7600.1,8239
"41",41,"A2_109_D1",2.69986605,1,2.72996748524778,0.623080313302975,15,-98.2882523081166,-2.93883206805737,-2.48906470969474,0.306641577641849,2.0230335713387,0.640036367528241,0,0.103136443609112,5495.8,5539.4,100.667987869396,2.29091738104945,0.23374140846798,-1.63524857543807,0.55166438974305,0,0.312298326774219,5252.7,5363.1,100.793586547715,2.05647665899935,0.233741408468035,-1.63524857543832,0.387759200000818,0,0.660238315926376,4686.6,5311
"42",42,"A2_111_D1",-1.088332543,1,-1.33672373712645,0.560971211745706,15,-105.950296724589,-2.08161644755865,0.471183498675119,-0.0132516393396079,-1.5398195488572,0.702463010701076,0.03,0.168983556044534,6087.1,6131.2,101.863105704487,-1.69116360061582,-0.545343425719244,1.66834528410617,0.626184833713265,0.01,0.299301844625054,5922.5,6028.4,102.004149129499,-1.91117274666171,-0.545343425692268,1.66834528402868,0.420232138634828,0,0.684423676993011,5217.6,5798.2
"43",43,"A2_112_D1",-3.362620996,1,-3.45417642133122,0.74464764389548,15,-114.522316926077,0.0502134194218693,-7.46952665446671,0.350047755313325,-3.22708800361907,0.84236801811844,0,0.15315223685946,12069.9,12119,104.200796003022,-0.751535169427374,-1.45716136532322,3.41724649844329,0.739369673893425,0,0.328376653718154,11676.6,11799.4,104.456570111963,-0.750384257837231,-1.45716136532382,-3.41724649844337,0.445654034825559,0,0.755995293732789,10042.9,10807
"44",44,"A2_113_D1",2.544442373,1,2.53398530919601,0.367828538716344,15,-106.157083111902,-7.24112727506797,-10.2722406167246,0.193021870988337,2.7332539744169,0.749104948744753,0,0.263670799106108,8470.6,8517.1,102.357555985996,0.775788725449588,0.610207078383597,-2.42160828976891,0.60483602000521,0,0.491549972009399,7995.3,8110.6,101.028218342108,1.72773018272929,0.610207078378029,-2.42160828976497,0.382051045422655,0,0.79713096355005,6902,7574.8
"45",45,"A2_114_D1",4.202107345,1,4.17383798901821,0.791379636906741,15,-105.685658420043,-3.53137858583242,-4.5983197875219,0.269699705333928,3.38774720135087,0.77208269615174,0,0.138138628617263,8306,8352.3,101.762769067357,1.50662928060387,0.740587615890593,-3.06564029013892,0.673644707881217,0,0.307952245813838,8033.3,8147.4,101.867901753961,0.958398511007151,0.740587615837743,3.06564029007687,0.408847621443982,0,0.745083932621707,6874.5,7594.1
"46",46,"A2_115_D1",2.750906301,1,2.24605069512921,0.634318564926141,15,-103.93147640164,-3.8836423339633,-2.26840271881588,-0.182932926416824,1.94608454924711,0.827042131043974,0.02,0.0544406738536364,9631.9,9679.2,100.912614882533,3.8182360805124,0.638898349105293,-1.3744284676831,0.745949379174693,0.07,0.197204426140771,9405.9,9524.7,101.641028506874,3.39507581259861,0.638898349102713,-1.37442846767805,0.335606379540355,0,0.837502504729595,7253.6,8023.6
"47",47,"A2_116_D1",-0.33952474,1,-0.0624129685489848,0.546532538942183,15,-108.585383697797,-6.46747142065603,-4.58511429884191,0.0773505779548228,0.532146857354839,0.740540936122053,0.47,0.153312168329179,10504.2,10552.4,102.952073427523,-2.33492907127836,0.165354799880173,-0.744846287685219,0.677676531219162,0.27,0.262046016714795,10293.9,10414.3,105.874653587854,-1.58466270019566,0.165354800087201,0.744846287670201,0.377418026316174,0.05,0.771108498445681,8561.5,9320.7
"48",48,"A2_117_D1",5.601935312,1,5.681188195569,0.393878898143579,15,-119.261111657015,-6.87708317651582,-7.4309622197669,0.264634502506951,4.15289702146983,0.819099617617434,0,0.32065782751514,8042.8,8088.7,101.561592843739,2.21633517649748,0.945808102934685,-3.67475416347662,0.750204056119167,0,0.400945864479969,7896,8010.5,99.8571295456872,3.69225902138545,0.945808102934824,-3.67475416347662,0.377591423507955,0,0.848242033890019,6336.1,7053.8
"49",49,"A2_118_D1",2.334879774,1,2.38976170109814,0.584578282622936,15,-104.796498228573,-4.46359643940162,-7.52882617282164,0.971937018550251,2.47571722404231,0.846271335648886,0,0.138997474225473,8009.9,8055.7,103.487200399558,-0.642870919179781,-0.21934701264266,-2.24574577438562,0.707288651220105,0,0.36782247135997,7643.2,7749.4,103.06355007783,0.314673106947853,-0.219347012630348,2.24574577443851,0.362054684603519,0,0.834349017026278,6140.9,6835.8
"50",50,"A2_119_D1",-2.434101193,1,-2.35390937017941,0.776401934620708,15,-100.329738239689,-3.4252442560617,0.750464156967727,0.0541605706045614,-1.09391214770431,0.89519076804138,0.22,0.108483890133834,8235.4,8281.3,104.069192567992,-4.82768953781398,-0.357908263559586,0.924097769502686,0.803489140413976,0.25,0.247148742851015,8036.6,8152.2,105.158684883383,-4.3921793317347,-0.357908263559757,0.924097769502795,0.474773231951209,0.05,0.737141752918245,6867.5,7578.4
"51",51,"A2_122_D1",1.093126151,1,1.11769697183297,0.387606670153955,15,-100.823124646811,2.56663943244089,0.0681294836359811,0.161709826097023,1.38858908994026,0.610818198778553,0.02,0.0995724823858655,7716.4,7762.7,101.597501409656,1.66649844659697,0.258514396299045,-1.30001754682628,0.534026707535003,0.02,0.280199776412528,7438,7554,101.81593385358,1.84197525921626,0.258514396312877,1.30001754684277,0.251295706820991,0,0.840611801966166,5625.8,6324
"52",52,"A2_123_D1",0.17506623,1,0.134365397869073,0.626913702280607,15,-95.3537491076933,-1.02059114862705,-2.56396858701285,0.278224584947212,0.640609757616782,0.688622211406898,0.35,0.0560888698288201,8952.6,8999.8,102.108217849104,-0.608591204270343,-0.111546761556131,-0.510027230175193,0.611178788265346,0.4,0.235788046284933,8662.7,8778.1,104.470380603048,-0.171592226521691,-0.111546761726475,-0.510027229965066,0.332345333715509,0.13,0.774027052025629,7069.9,7816.9
"53",53,"A2_124_D1",3.307698213,1,3.29215226194306,0.473725246867042,15,-98.9024237138515,3.18364283439681,-1.07599312541605,0.49761072046698,2.08501007699176,0.838674037578158,0.01,0.179041225540015,5146.7,5189,101.246591232474,0.741662143314609,0.0406905755968106,-1.63655567323517,0.778639305523037,0.04,0.258457923981386,5069.4,5175,100.825505179682,1.09108570141203,0.0406905755976282,1.63655567323415,0.391569097059351,0,0.812466019563275,4041,4667.1
"54",54,"A2_126_D1",-1.755576559,1,-1.66821725985729,0.56566963388972,15,-100.015573545255,-3.46795340681877,-1.41235566785336,0.0934833988443746,-1.65333115422514,1.0002479649446,0.1,0.18943196740313,12457.1,12506,102.262899646048,-2.71040251834622,-0.518412475650194,1.31431037796096,0.710827730603486,0.06,0.570564859193083,11386.1,11508.8,102.044167775784,-1.14550645970295,-0.518412475650746,1.31431037796077,0.403929737933107,0,0.861330639892892,9578.4,10327
"55",55,"A2_127_D1",2.541904135,1,2.48520045736242,0.367987214702579,15,-105.044609811469,-9.56679656370392,-5.39895831583045,0.0708108714993944,1.86708763252921,0.651303927478211,0,0.348507580430968,7522.1,7568,102.087916103713,0.0836125535735687,0.435448078218653,-1.5467421362737,0.589986327423686,0.01,0.435220199617637,7353.9,7469.3,100.916981256602,1.63040468611393,0.435448078219964,1.54674213626676,0.351456142951531,0,0.79958162422537,6196.9,6911.9
"56",56,"A2_128_D1",2.131424223,1,2.22108028394542,0.673114498094073,15,-109.829376994673,-2.21295469155907,-1.31425003498926,0.227808531549279,1.01371454231758,0.748344361567509,0.18,0.0374785456836125,8103.1,8149.3,102.306993351795,-0.447157270808837,-0.14539693785528,-0.263326932314598,0.692954871152248,0.7,0.144314808351165,7961.3,8074.2,100.579892391242,0.72448743508337,-0.145396937860043,-0.26332693232295,0.401697420103566,0.51,0.712457398790775,6701.9,7410.5
"57",57,"A2_130_D1",3.426838242,1,2.90919434833151,0.746108621557298,15,-103.617186869118,-10.1720967287902,-3.71841563698805,0.243479876297638,3.18660918348046,0.878920425553613,0,0.280451179116033,6000.8,6044.3,100.827243028319,0.999032638300369,0.698065317224704,-2.87253576512302,0.768897849251631,0,0.43089911718041,5789.2,5897,100.396515352771,2.31065675722504,0.698065317224831,2.87253576512302,0.394326656563589,0,0.850319839553088,4655.2,5325.8
"58",58,"A2_131_D1",4.095008184,1,3.5025569564249,0.603468080788652,15,-95.6691744817045,0.0765100441592961,0.0292487756531171,0.191268131853689,3.03817249207281,0.651261715246875,0,0.0744052508767697,8303.2,8349.9,100.825796300155,1.67627528181276,0.7659287992098,-2.89846157534063,0.582744878643262,0,0.229194286070966,8066.4,8184.6,100.533655166992,2.68085830162922,0.765928799200062,-2.89846157531546,0.323878863819322,0,0.761903391870409,6609.3,7311.2
"59",59,"A2_132_D1",1.085399232,1,1.04399484094904,1.00697294246165,15,-104.783614238287,-4.75046697192413,-4.62376139490426,0.200297978984211,0.689283615406859,0.475735919451664,0.15,0.203982929944479,8016.2,8063.5,101.679505305884,2.72911151543033,0.0830667960711833,-0.858635665115888,0.410282985624309,0.04,0.379798002039582,7669.5,7784.3,101.440129938029,3.04861374118383,0.0830667951433423,0.858635664892149,0.299135769524123,0,0.670312226644926,6882.6,7584.9
"60",60,"A2_133_D1",3.986401622,1,4.01359469044703,0.776251177051929,15,-98.5899779015926,-4.06958963567419,-4.76828474775606,-0.115168501711626,2.68001649880777,0.692120114047138,0,0.208678630437838,9754.3,9802.1,101.112416114115,1.7097561761815,0.910263399197739,-2.45528221497633,0.646018424092367,0,0.268126511119667,9643.1,9761.5,101.377123219425,2.05328640617547,0.910263399181536,-2.45528221492402,0.350297313409844,0,0.784811122194809,7918.7,8681.2
"61",61,"A2_135_D1",2.127814426,1,2.14118235311241,0.387673128263054,15,-100.283494849843,-1.83347629468709,1.6939532445221,0.265292315840656,2.59751000126589,0.681768670894647,0,0.103073090072975,8652.7,8699.6,101.617865688119,1.03892390831222,0.483675508576736,-2.25231861807939,0.569552294140103,0,0.352131355666448,8216.2,8335,102.094457363092,2.77760908865399,0.483675508576707,2.25231861808006,0.312498988176606,0,0.804963012032008,6680.1,7347.2
"62",62,"A2_136_D1",-1.159294654,1,-1.13135829393717,0.258320150743939,15,-104.525807306543,-1.16644827867286,0.944630117418312,-0.0993883967532692,-0.464612094019946,0.770034206074119,0.55,0.0513992519599686,7662.8,7708.5,102.717571216323,-1.48926251731316,-0.0191124329347418,0.360958649649485,0.694136363553809,0.6,0.196387892719142,7472.5,7587.8,100.992481253427,-1.09307549973306,-0.0191124329233312,0.360958649609612,0.409741649267942,0.38,0.719987705011309,6329.5,7032.6
"63",63,"A2_137_D1",2.168278881,1,2.16974833391178,0.609050486579753,15,-107.049567493946,-0.97627384021572,-8.21399091879321,-0.03001307837458,2.06269955645154,1.01466769928429,0.04,0.133551813567722,7856.9,7902.2,101.796560280036,1.01413936733661,0.526319845761243,-1.51426430902585,0.894025289608339,0.09,0.30907274650356,7607,7717.8,101.249597421693,2.07188133825697,0.526319845761707,1.51426430902562,0.458253756209473,0,0.818471515220944,6203,6892.9
"64",64,"A2_138_D1",4.968905914,1,4.98606062610089,0.929825232778235,15,-103.650333728704,-4.6526865674062,1.51492520016566,-0.250754914912436,5.50473829982152,0.875135050315443,0,0.0734504355527414,7446.7,7491.9,101.186670164564,0.965542481553159,1.88661792916016,-4.93521707350353,0.831541581408548,0,0.128812744253848,7383.5,7493.8,100.419983778419,1.59289195931915,1.88661792930362,-4.93521707364751,0.468401813683766,0,0.723572842739748,6197.7,6849
"65",65,"A2_140_D1",3.021612619,1,3.00087656473578,0.719940529815275,15,-104.816094699272,-6.32909769962628,-2.43742205613475,0.527515289843202,2.82659707963959,0.551037021791598,0,0.28122255491315,9099.8,9147.6,101.908607090301,0.457017800235718,0.36241938830626,-2.73082722569416,0.476694361682598,0,0.437700682463828,8735.2,8851.2,104.446269943366,2.20656499479928,0.36241938830529,2.73082722569507,0.296923862841303,0,0.781838691443392,7414.8,8134.7
"66",66,"A2_143_D1",0.713301288,1,0.756808534599763,0.514221707524354,15,-102.122654295049,-8.18789069749305,-2.77477839799576,0.281697954128388,1.36936790949295,0.730308384540174,0.06,0.304094878262355,8061.5,8107.7,103.271072297333,-2.15900423699182,0.0898761693209476,-1.1284578819573,0.67186752293605,0.09,0.387490617312346,7907.6,8024,105.129609201695,-1.60002212166767,0.0898761693205597,-1.1284578819572,0.356227428610646,0,0.827813078720324,6419.6,7118.9
"67",67,"A2_001_D2",5.252020895,2,5.23510572697987,0.766775946831232,15,-103.546336820751,-6.26999802047975,-2.32622220629083,-0.0987662741755937,4.42896360159604,0.627510242211617,0,0.19410920577439,6112.9,6157.4,101.174285220931,1.5026113512564,1.38120216091785,-3.96050248699679,0.568775868219637,0,0.318460588841438,5945.9,6057.1,103.006121901359,1.4514341379326,1.38120216088183,3.96050248694692,0.328654009006386,0,0.772444928427423,4911.6,5560.2
"68",68,"A2_002_D2",2.542278596,2,2.55994972206238,0.385329373902553,15,-105.512319145794,0.165787876570858,0.0285184859027815,0.0588489410029076,1.87606029508851,0.722346735742631,0.01,0.102773167368907,6711.1,6755.9,100.801274000072,3.19162063418363,0.486640886673948,-1.64187104852354,0.602409205823067,0.01,0.339507988251588,6387.7,6496.6,100.188838090267,2.99428903383316,0.486640886701828,-1.64187104856276,0.349633283091909,0,0.777510302249098,5318.5,5963
"69",69,"A2_003_D2",0.31810286,2,0.359042731077222,0.510269931189136,15,-113.32488956647,-8.32178197922092,-3.8121114084704,-0.000792153398502018,0.547794840522318,0.773883340236285,0.48,0.330063896465653,8373.7,8420.1,102.670929622593,-2.20325966769863,0.412184124527654,-1.27753613403013,0.670821486388851,0.06,0.475925264508221,8065.4,8179.6,101.612812872073,0.315013152177889,0.412184124527101,1.27753613403207,0.3744557853482,0,0.836702181024761,6682.6,7403.4
"70",70,"A2_004_D2",1.087107769,2,1.55810102426251,0.523860404059978,15,-105.215544944143,-5.53466956231265,-3.70447450943693,-0.0871768375584013,1.63746141737202,0.6448786798565,0.01,0.194396362777533,5550,5593.7,101.612190581682,-0.527208995371556,0.538316288643093,-1.37616152279548,0.572661675469278,0.02,0.3356756690965,5374.4,5484.4,100.516456869987,0.847846559426994,0.538316288632293,-1.37616152279106,0.351694465062904,0,0.749438127131301,4548,5156.4
"71",71,"A2_005_D2",4.182268213,2,4.2077275387531,0.975608150671374,15,-107.757181904209,-3.90649691217728,-1.71314770071081,0.325837024306634,3.0826154717799,1.09932348483674,0.01,0.0567538305117994,11163.6,11211.5,102.074178369374,1.06282676420057,0.571866726735657,-2.81592320567437,1.03297772550232,0.01,0.131069431196673,11046.2,11164.7,103.539601033957,1.31555328993546,0.571866726864678,-2.81592320559683,0.413656605407312,0,0.860657663119646,8403.6,9165.2
"72",72,"A2_006_D2",4.066376469,2,4.19374721691454,0.522597084127546,15,-98.8992088062428,-10.8506580799193,-5.12722414039273,0.0391758742554911,3.65023424028663,0.796751419764449,0,0.341532583754096,8766.8,8813.5,102.527102856199,-0.743884559144831,1.04260029897528,-3.26340629994111,0.692674330012456,0,0.478659705708269,8464.5,8581.7,104.140536732473,-0.403637157234056,1.04260029897487,-3.26340629994097,0.348073163549086,0,0.868355055103596,6756.5,7492.8
"73",73,"A2_007_D2",0.538627844,2,0.418837272018517,0.531537380079289,15,-98.9833758418456,-3.3415255635712,-1.28419194261223,0.010014855008367,0.642777034083639,0.600074652735724,0.28,0.132481030731905,7613.7,7659.9,101.359833918236,3.19718154184726,0.259536406422029,-0.817840345489529,0.506682267032307,0.11,0.35379988209275,7248.5,7365.1,102.120788614759,2.68174323209624,0.259536406422162,0.817840345489385,0.278073980498974,0,0.805367065698123,5841.6,6551.3
"74",74,"A2_008_D2",4.406643499,2,4.50884146704815,0.797768215340434,15,-104.73265145935,-4.43179099241682,1.37186313892264,-0.29143610649528,4.32419140092203,0.714266056817049,0,0.100778231768645,7891.9,7938.1,101.296557694072,3.1689271529402,1.4790889266472,-3.70366844925197,0.634170723957665,0,0.267505364353653,7643.8,7760.5,102.048635342676,4.2933499375529,1.47908892657684,-3.70366844935557,0.396472351271976,0,0.713702284379342,6577.8,7247.2
"75",75,"A2_009_D2",5.948797672,2,5.90875588301743,1.01879849408074,15,-99.7007381166084,-3.89845113716646,-2.53394907091728,-0.259805764608572,4.82675007590147,0.540890094152153,0,0.120106198115806,6909.5,6955.3,101.462390015375,1.29929256562405,1.76059330161561,-4.56177428170745,0.455701703342589,0,0.349007756535177,6554.6,6667.5,102.618429593034,1.89902385847508,1.76059330163082,4.56177428180216,0.323070709194273,0,0.672802723364855,5825.3,6454.5
"76",76,"A2_010_D2",-1.759737463,2,-1.72526621699863,0.475283811124435,15,-102.72325893762,-1.62447356317949,-11.3947884101766,0.0607260831837359,-0.808456206527236,0.796810772409896,0.31,0.40068975054926,7373.1,7418.4,102.08504622892,1.1484902009757,-0.503578495591325,1.39058429056635,0.723875494332673,0.05,0.49355150075442,7187.6,7299.9,103.52606183044,0.626172407532194,-0.503578495766391,1.39058429047803,0.398404504150941,0,0.846589170264967,5932.8,6612.6
"77",77,"A2_011_D2",2.792383301,2,3.17884530558871,0.683258156588563,15,-104.864761608763,-1.08244456664801,-1.59434522377776,0.0720505086936477,2.24951919914745,0.729044564550043,0,0.0617228835739911,5462.4,5505.6,101.837209080052,-1.46981225200317,0.65151875218335,-2.2381276705913,0.626956643595166,0,0.281315271533825,5227.2,5328.1,101.943423308743,-0.462478227042236,0.651518752175955,2.23812767061456,0.32355574785276,0,0.808591315894555,4129.4,4718.7
"78",78,"A2_012_D2",2.683776794,2,2.59902625888638,0.540088040062651,15,-98.8519023189228,-5.62755195574841,2.56459647105757,-0.0611583513413112,2.06916673674044,0.880357508001806,0.02,0.124426977262726,9197.8,9244.7,104.130505587845,-4.14572276878665,0.618050145216158,-1.67269989552754,0.781234670091582,0.03,0.275400036591768,8949.9,9065.6,104.365673725516,-2.72737492848017,0.618050145215756,-1.67269989552753,0.38463966686028,0,0.82435191041219,7157.9,7884
"79",79,"A2_014_D2",1.534275965,2,1.29229535295597,0.779374975766705,15,-108.44417360628,2.1320009494064,2.96137771294809,0.39015010974033,1.93912490665974,0.844285034343029,0.02,0.124684205955868,6990,7034.8,102.45706520841,0.0107913457847968,0.270732761253581,-2.01479179896755,0.747407280273171,0.01,0.276338914099653,6793.1,6905,102.789259066962,0.828482726597432,0.270732761282872,2.01479179898009,0.473535970659443,0,0.70951312095668,5919.4,6576.9
"80",80,"A2_015_D2",4.984876501,2,4.99296053605375,1.10409577444281,15,-103.930835762069,-2.8140306520826,-1.46892108602494,-0.138837185761738,5.63026276404952,0.673256592183258,0,0.100155069731545,6682.1,6727.1,101.732942794593,0.797708387869174,1.73736798176203,-4.92256540416291,0.632694177657623,0,0.177710554631039,6588.9,6696.8,101.428717591927,1.98100558186293,1.73736798169738,-4.92256540413134,0.46382964271427,0,0.55806943370748,6000.7,6597.4
"81",81,"A2_016_D2",2.968186504,2,2.97849155998132,0.829504919708,15,-104.744606050667,-1.07579848245662,2.97562441868408,-0.0838673243459143,2.28532247433147,0.790574607719336,0,0.0821127227166414,5109.1,5151.6,101.16167624475,-0.726665712494417,0.617526809242739,-1.65551664019605,0.758908088040483,0.03,0.132420323500979,5067.4,5169,101.632907762706,-0.220195209676803,0.617526809242981,1.65551664019588,0.370937009662267,0,0.79273243737519,3977.4,4611.9
"82",82,"A2_017_D2",4.053235903,2,4.09286695483676,0.699984479884184,15,-106.700758783185,-4.14415835429376,-1.25561734374287,0.426084390348485,3.62454097667034,0.667753399278161,0,0.122595474208604,7100.4,7145.9,102.372950763764,0.0915953364143338,0.672148669854372,-3.37609791673072,0.606268132629489,0,0.241975313301232,6934.4,7031.5,101.167570418958,1.77725273276433,0.672148669876339,-3.37609791681973,0.36928808017265,0,0.718755235067187,5894.6,6569.5
"83",83,"A2_019_D2",0.59508551,2,0.640378698266828,0.376712411282832,15,-104.796843424516,-4.85192350716289,0.147033515889859,0.116240792469358,0.546705041659062,0.846879841943296,0.52,0.0920846309017553,8610.4,8656.8,104.33359352378,-4.39650463042814,0.0547742225297532,-0.521036295045015,0.761802251395288,0.49,0.23480887788718,8397.7,8513.2,102.786543832566,-0.177571081556097,0.0547742225248139,0.521036295047729,0.348958227758827,0.14,0.839441868944826,6510,7239.3
"84",84,"A2_020_D2",3.299434074,2,3.38477204098247,0.57843363164822,15,-101.21317350633,-5.16830100062201,-4.42671193924924,0.0224590978014534,3.02358928131002,0.601398164804646,0,0.158485012311233,6741.3,6786.6,102.22465318938,-1.09755652763142,0.917166524814673,-2.8430356234021,0.517563970316617,0,0.347406189900581,6457.1,6564.7,102.058953066667,-0.579108823955706,0.917166524782648,-2.8430356234815,0.330791099315344,0,0.733423102394967,5539.2,6194
"85",85,"A2_021_D2",2.153579125,2,2.17139890144496,0.643989304069588,15,-102.654571557292,-4.84086593097968,-3.71168648505297,0.139128566483191,2.31049422826685,0.613485281290212,0,0.117564112209271,8262.7,8309.5,102.170111324799,0.493677921172326,0.579256050046907,-2.2016467964678,0.563210160642143,0,0.232062906525682,8081.3,8196.3,101.304035390622,1.26936503800837,0.579256050078756,2.20164679652753,0.322109169318437,0,0.748816643723636,6681.7,7389.8
"86",86,"A2_022_D2",2.307186435,2,2.31403407082029,0.346175483089226,15,-105.746733774229,-6.44606521463226,-2.02705543304137,0.189530709676793,2.15262718492556,0.628905845670788,0,0.223861081627945,7038.3,7083.8,102.570160028459,0.182034046152961,0.43360458617922,-1.92770737050423,0.585281919833591,0,0.306479615250069,6912.1,7019.5,101.806670001076,0.658123346972231,0.433604586210259,-1.92770737054529,0.410507416248896,0,0.658829847842037,6175.2,6770.4
"87",87,"A2_023_D2",1.819191176,2,1.83160706757772,0.616622512440822,15,-103.026765364904,-5.95636514956384,-1.70361035015777,0.076555926905242,1.62376558838204,0.582000435428957,0.01,0.229015407930392,7552.4,7598.7,101.565612256184,1.33680535401836,0.334579531984005,-1.2526142717209,0.528588386845107,0.02,0.333640405290466,7374.1,7489.8,102.631752076302,1.82873761882929,0.334579532080543,1.25261427177529,0.319299232347154,0,0.756852857846437,6202,6891.3
"88",88,"A2_024_D2",-3.390232046,2,-3.39065598497332,0.42785581254791,15,-103.109631055286,-1.10326415861905,-0.838939009246087,0.210967199360446,-3.17050677778108,0.60918744546005,0,0.0760190123733722,8105.2,8151.9,103.073423361424,-2.2040212216179,-1.3924286445247,3.55110219515421,0.554869106204394,0,0.196319374842272,7925.5,8039.6,103.923323171491,-0.693193512416802,-1.39242864456945,3.55110219518123,0.287995147021477,0,0.783492598459716,6293.5,7032.3
"89",89,"A2_025_D2",6.652441909,2,6.67195880728683,0.944783556921569,15,-97.8632179696638,-0.906578619150666,-1.26181885355139,0.18269280376767,5.77235336738543,0.929340364685776,0,0.074685503549808,8366.4,8412.3,101.885151909242,0.211734066322079,1.52360322364614,-5.21015431816169,0.856905695208422,0,0.17841358902746,8227.3,8339,103.071243370798,1.55802525692974,1.52360322363858,5.21015431815804,0.424422754986944,0,0.798449207988817,6616.7,7280.7
"90",90,"A2_026_D2",2.305585647,2,2.25435316618353,0.617140176879979,15,-105.33908222587,-4.38613414771502,-0.207518444341404,0.133345577545329,2.0174799433631,0.569157916580296,0,0.170226352464288,6144.7,6189.4,102.658044685079,-0.308872342448516,0.58698948642279,-2.20240131265103,0.508181449306241,0,0.304139582859785,5961.1,6063.5,102.434918220595,0.10592379099056,0.58698948639041,-2.20240131264158,0.339933285094365,0,0.688633488685195,5202.6,5845.1
"91",91,"A2_027_D2",3.015151343,2,3.00646274488974,1.2310666196456,15,-97.3136638003325,-0.224363615534639,-3.09069495643035,-0.199671267874761,2.35097023346076,1.14517084807104,0.04,0.0583131428930671,6886.8,6930.8,102.172299420898,-2.49690341116429,0.559161769504444,-1.08120493538488,1.00359000896864,0.28,0.243364325227432,6678.1,6780.6,101.363942685823,-1.3540174851558,0.559161769562446,1.08120493542674,0.505054341298153,0.03,0.808375792012215,5444,6116.5
"92",92,"A2_028_D2",5.358891292,2,5.16140199293671,0.874832665815404,15,-106.527119918676,-4.39199037531884,-3.21567479230848,0.458092016590922,4.35599972015705,0.994375689488208,0,0.107746082416159,6577.2,6621.1,102.142874985909,-0.177772236567879,0.97001641102655,-4.33330776647867,0.88687815746201,0,0.259755703543122,6401,6504.5,101.345082711445,0.809261809093156,0.970016410980342,-4.33330776539629,0.613772607262463,0,0.645462518145977,5776.2,6351.3
"93",93,"A2_029_D2",2.540795591,2,2.13148922630286,0.451329540685134,15,-102.742488253383,-5.10072403989426,0.248594152488908,0.335141216018864,1.93912786658019,0.650679975587009,0,0.210994525341588,7599.9,7646,101.889192158475,1.7080123968088,0.242739124222973,-1.7639266707661,0.590956807276442,0,0.323419532786481,7415.8,7526.8,101.694591521609,1.87272741414636,0.242739124196752,1.76392667074392,0.330898763395347,0,0.78787186948092,6086.6,6757.1
"94",94,"A2_030_D2",-0.375691682,2,-0.360511003115416,0.82945917452536,15,-102.512060412146,-0.994153972858661,-1.97539441737206,-0.166136200991849,0.0439948341017459,0.63945605308969,0.95,0.0610795640514793,7649.4,7695.6,102.322129529067,-1.06608668898016,0.0638607878235281,0.331138619806514,0.546638642084036,0.54,0.292807586255296,7302.1,7417.9,101.698044653919,0.645025200746088,0.0638607878497797,0.331138619818489,0.280787461469824,0.24,0.81340828494683,5743.1,6429.8
"95",95,"A2_032_D2",5.590803131,2,5.6169072443994,0.697589137805064,15,-108.655565614228,-5.88958154332518,0.317121379185468,0.0534255727192969,4.98963859420399,0.842873407672817,0,0.153214259277625,8432.4,8478.6,101.689388738806,1.92020280037359,1.41404943466689,-4.52931063650719,0.809739621810119,0,0.189127387492892,8380.2,8474.9,101.368440648404,1.8299670773845,1.41404943464804,4.52931063650612,0.36130430620864,0,0.838561123428773,6465.9,7201.4
"96",96,"A2_033_D2",2.937904419,2,2.95658720882748,0.509425194054701,15,-103.407995369477,-4.19894470411641,-0.356139478337236,-0.0675025582640032,3.0232251845015,0.704561484849667,0,0.0808573412233669,6495.2,6539.9,102.964317157288,-2.09227720243985,0.965394315181632,-2.73943762553371,0.632688201186468,0,0.22518142939516,6319.3,6419.7,101.58787221198,-0.80494881874295,0.965394315190242,-2.73943762557484,0.383237954587311,0,0.71571262240632,5360.6,5987
"97",97,"A2_034_D2",2.497525332,2,2.50172915741805,0.658488813281259,15,-101.608104737559,-7.75115265469623,-3.29687122304053,0.0117456113920805,2.73751634602793,0.664345290100544,0,0.205265878407916,9069.8,9117.1,101.990172060646,0.842692378945425,1.12179807532994,-3.48057573978045,0.611665950000276,0,0.301021780396497,8891.9,9007,101.160371515377,2.71756176978607,1.12179807541477,3.48057573971323,0.412639587155061,0,0.681890372054989,7874.5,8595.6
"98",98,"A2_035_D2",4.175759807,2,4.26383357706026,0.648278440692304,15,-100.658326567491,-5.47245610804851,-6.37879573871987,0.0342278173762764,3.77220604474016,0.923476237957207,0,0.159571632794995,4833.1,4874.8,100.841298571409,0.855094468696137,1.03093881285415,-3.13954650702121,0.867695142288689,0,0.222055756184689,4780,4880.5,99.5915656208917,-0.212225311406179,1.03093881285327,-3.13954650701939,0.496321982782784,0,0.745468719861247,4021.6,4579.4
"99",99,"A2_036_D2",2.262954301,2,2.23372035193979,0.597832622797182,15,-108.071482127619,-7.43759407269734,-4.88106151434347,-0.132446363753641,2.12738840650189,0.806517993731407,0.01,0.196073850539809,7436.8,7482.2,102.347891104753,0.808924582678462,0.768572053155323,-1.95141101659513,0.669237257273755,0,0.42190536402202,7066.7,7180.8,101.508550982818,1.2705079255139,0.768572053145644,1.95141101657792,0.289851076557666,0,0.891560238479865,5264,5970.9
"100",100,"A2_037_D2",5.370077842,2,5.25466491541914,0.89213820130544,15,-101.651622159993,-0.0758101305026139,-2.56780081336382,-0.0636323961578361,4.04110149294907,0.857722289758615,0,0.119461143664203,5448.7,5491.5,102.075590403477,-0.51281821776049,1.19634962913016,-3.47427159343905,0.779341424222513,0,0.234245232412435,5335,5439.8,101.788670569342,1.44509191502995,1.19634962924104,-3.474271593661,0.498342828612093,0,0.686894559762989,4660.6,5243
"101",101,"A2_038_D2",2.628910088,2,2.71638634285742,0.750904148925396,15,-94.2533597699108,-2.81488678371065,-1.52695169874324,-0.405968092994454,2.5128642478618,1.08773151362179,0.02,0.0584778067094001,8258.6,8304.1,101.587932185116,1.20150331521386,1.10131940815577,-2.13364730985368,0.924221798366242,0.02,0.28888882256938,7939.7,8052.7,104.782283072798,-0.448695296364239,1.10131940817038,2.13364730967835,0.37011920839845,0,0.885957077147598,5925.2,6610.2
"102",102,"A2_101_D2",2.959566411,2,3.41456973186374,1.085335639728,15,-99.9408921059196,-3.82233545535442,-2.19320697973192,0.195513702102707,2.84345140439388,0.690142798845056,0,0.0550312809118774,7330.5,7376.1,101.813100678375,-1.31755967383262,0.523969082746647,-2.17202258728753,0.621044529303159,0,0.199366880779185,7141.2,7249.9,101.544049767434,-0.472005954253592,0.523969083285646,-2.17202258713657,0.432705917547987,0,0.611336516056682,6374,6920
"103",103,"A2_103_D2",1.91626791,2,1.99102891506102,0.693019971512204,15,-103.946393597678,-6.95958682329207,-2.25769345402275,-9.18845206257332e-05,2.2977181803117,0.87359517021873,0.01,0.105864539090352,9545.3,9592.4,102.449567835657,-1.63712973994731,0.532302478541239,-1.61197383682353,0.722181307000991,0.03,0.367155111938293,9071.3,9190,103.315078058205,0.609536256076882,0.532302478509167,-1.61197383682919,0.414250549483233,0,0.791775908054348,7638.4,8384.1
"104",104,"A2_104_D2",0.150677652,2,0.430715294136348,0.739751542563039,15,-111.30570279918,-2.36000818571116,1.76761742635946,0.0222654704214131,0.63643429443559,0.827822852902318,0.44,0.121047471382042,8400.1,8446.4,102.1040538929,-0.580278930738517,0.274097918989084,-0.920400360191363,0.760712223890883,0.23,0.22524280938787,8246.9,8359.3,100.783267867566,0.472850634816249,0.274097918989034,0.920400360191157,0.441832596183806,0.04,0.738639271955099,6984,7682
"105",105,"A2_105_D2",5.083205726,2,5.11221300117047,1.08660544585181,15,-99.8246091630689,-5.93567113892569,-2.57407346360973,-0.0254437429524875,4.03637090248952,0.862285478874545,0,0.0758877438281527,8182.7,8228.6,101.698586637827,-0.698996430092599,1.20923401076694,-3.51765430981262,0.70876904874697,0,0.342330560772751,7774.9,7890.8,101.387186939067,-0.108106802470736,1.20923401076143,-3.5176543098227,0.426206856775259,0,0.76218511282559,6634.7,7290.3
"106",106,"A2_106_D2",1.814114897,2,1.81301879849595,0.529654222806644,15,-96.3119475533369,-2.69574906577381,-2.51124345524697,0.236316091877342,1.43398533400227,0.769332705657317,0.06,0.0586272582735025,9430.7,9478.1,102.645753401751,-1.25784124346999,0.303084348144188,-1.64177161243749,0.726192251892475,0.02,0.121445367704586,9336.8,9443.4,102.308295644852,-0.414217625655944,0.303084348150775,-1.64177161245099,0.484689104094127,0,0.608625915447362,8298.2,9017.2
"107",107,"A2_109_D2",2.620907753,2,2.68244071920389,0.504819551611918,15,-106.258258842603,-1.66731408482319,-0.0300828031532643,0.414154551455849,2.42445614845438,0.736386927455639,0,0.101615229608522,5977.8,6021.6,101.760459740361,-1.26232802032631,0.323196618747625,-2.16434909251057,0.606092335185104,0,0.35827142429987,5659.3,5770.2,101.088927333933,0.377403836975001,0.323196618876465,-2.164349092746,0.41890142536311,0,0.693452717109713,5043.1,5673.5
"108",108,"A2_111_D2",-2.375254748,2,-2.3529521748334,0.737289528949257,15,-101.786734997575,1.86399389916714,2.07291139742887,-0.222600171400995,-1.79924352855548,0.636705458961556,0,0.05950992186708,6407.5,6452.3,102.822501873147,-2.32447487553705,-0.250841347292388,1.44264336087885,0.561330770058313,0.01,0.233760498560543,6193.4,6301.4,102.718069370138,-1.9449992805264,-0.250841347287205,-1.44264336088374,0.334581514901127,0,0.727773295977097,5184.4,5833.6
"109",109,"A2_112_D2",-2.998048574,2,-2.95061558174458,0.654257805127626,15,-106.483780046693,-5.21005481669893,-13.2093247299549,0.405692960109018,-2.90706061689401,0.842157686886607,0,0.247976361329099,12454,12503.3,104.699837997418,-1.13997121000914,-1.33552667965154,2.83089288557561,0.625005575646549,0,0.568779252810529,11476.1,11599.8,109.033375815522,-0.492187559791421,-1.33552667966762,2.83089288561997,0.378160807930021,0,0.842135347225902,9808.9,10573.9
"110",110,"A2_113_D2",2.958493375,2,2.73706884168277,0.489218381405193,15,-102.655519306946,-5.71350455966005,-8.42740428552575,-0.12861534881194,2.93401180726622,0.952867853565168,0,0.153406005869933,7492.6,7537.7,101.860721444396,0.075529728542734,1.01105898474775,-2.75676768517184,0.783375842392884,0,0.406254903077187,7108.5,7220,100.797444200728,1.03175750078621,1.01105898476237,2.75676768524842,0.39645045535419,0,0.84793210688818,5719.2,6423.8
"111",111,"A2_114_D2",5.783562217,2,5.81581747517905,0.836301123677902,15,-99.4759157714414,-5.2031737164603,-5.16465357551906,0.279941986963602,4.54808258747857,0.804511294518249,0,0.119394966968501,7115.7,7160.7,101.271458360974,1.46342669156368,1.10750370147296,-4.25383034140523,0.681594374645078,0,0.336428806969399,6810.7,6920.2,101.068686198503,3.5021822578602,1.10750370146631,-4.25383034137483,0.384302645905167,0,0.789048664867394,5654.1,6314
"112",112,"A2_115_D2",2.431478331,2,2.44893104184793,0.723914091843303,15,-105.167421689547,-3.61589809459792,-1.32129805351399,-0.191459510106092,2.37847293612431,0.905294748778178,0.01,0.031309779468316,9072.1,9118.8,102.175250286171,0.548472484233637,0.997941742696403,-2.45365204683738,0.738045301132963,0,0.32240419279487,8606.9,8720.5,102.971048859225,0.0805883089654107,0.997941742685057,2.45365204683954,0.397059601294488,0,0.803882623413926,7083.9,7814.4
"113",113,"A2_116_D2",-0.236054771,2,-0.29042967985671,0.637213343787339,15,-105.620949689321,-4.94210205055995,-2.70805993775914,-0.172474524875593,0.364061980786988,0.722709885493675,0.61,0.115820371144221,9084.6,9131.8,102.420341883825,0.204912698202121,0.387852902666515,-0.654006966076181,0.644527520977421,0.31,0.260445980961035,8840.5,8954.7,103.505272676016,0.654033283451288,0.387852902667541,-0.654006966082704,0.347365268357595,0.06,0.785187398359289,7224.6,7966.8
"114",114,"A2_117_D2",1.886849901,2,1.948775704343,0.617949435861483,15,-109.138356272668,-6.09120847190426,-1.02927966483286,0.0486583218554425,2.12123903270255,0.794121533068601,0.01,0.185559710054914,7481.4,7526.9,101.842851323656,0.342698883558919,0.584651530277524,-1.94347972688881,0.694867336192737,0.01,0.354564021521123,7219.2,7332.5,100.052032719135,0.897436965507907,0.58465153021715,1.94347972684272,0.365084560148959,0,0.821829290556315,5841.5,6542.9
"115",115,"A2_118_D2",3.386237185,2,3.40139163957032,0.431806510000377,15,-101.066967773066,-4.98999714996301,-11.2424793388556,0.0235006408304124,2.92861311335332,0.863558870103816,0,0.222259430421835,7913.9,7959.6,102.358918754721,-1.07942875868291,0.741703844944947,-2.30608919151417,0.740056839093052,0,0.396167977688622,7620.1,7729.3,102.761459324027,0.466755346123392,0.741703844944574,-2.30608919151422,0.380927036216103,0,0.840018566733309,6149.7,6801.2
"116",116,"A2_119_D2",-2.492079404,2,-2.49287164011205,0.821773101962665,15,-100.551441679478,0.188205508786381,-0.760585048111484,0.0200232438853973,-1.45394509443208,0.885750144227886,0.1,0.0574510351346489,8168.9,8214.7,102.50568880062,-2.70714032660492,-0.517177702233735,1.51445411028161,0.783244699347269,0.05,0.235208649552255,7922.4,8035.4,102.139319002518,-1.93326456412622,-0.517177702232219,-1.51445411028018,0.430876354481383,0,0.768552037486521,6590.1,7316.3
"117",117,"A2_122_D2",1.899112292,2,1.81724557910833,0.663409476649385,15,-99.1871191231808,-2.43779305943885,0.92869481918293,0.53781704180333,2.02588765332999,0.608379499015149,0,0.0658526631464438,7288.4,7334.3,103.060171233982,-0.902661503641477,0.0682588768668234,-1.86821194737228,0.547662964819188,0,0.204901617677861,7099.2,7213.3,102.994911427471,-0.25487877671347,0.0682588768329307,-1.86821194731702,0.303064746852248,0,0.756519062118009,5770.4,6462.6
"118",118,"A2_123_D2",0.568855764,2,0.54313674490653,0.636905858868323,15,-95.7606196665805,0.267801158661029,0.723840031711436,0.184033309435243,1.03054443649406,0.762076229982473,0.18,0.0726161286559079,9434.3,9481.6,102.527662630485,-2.43263454521529,0.188681375157121,-1.13277569700458,0.701449209725762,0.11,0.178223934055445,9267.9,9383.3,104.714492238649,-1.8675753127631,0.188681375136641,1.13277569697349,0.336062695788892,0,0.811373962509914,7278.7,7989.3
"119",119,"A2_124_D2",3.185449454,2,3.26610423639133,0.605507286508635,15,-99.2177008137926,-3.18829005197788,-1.39899379440928,0.734114465605631,2.68325963608511,0.845726614593186,0,0.0454308818091747,6946.7,6991.5,101.391675350518,2.06140027038663,-0.0098515231009814,-2.18556848654204,0.750444133073289,0,0.210360366338229,6751.3,6861.6,99.9742870324824,2.73721751750429,-0.00985152310078816,-2.18556848654216,0.376696199926765,0,0.801035917641293,5394.2,6082.3
"120",120,"A2_126_D2",-1.265924655,2,-1.23122510761569,0.59716695572599,15,-114.140407676277,-6.22214506571896,-1.36818149859333,-0.104601234869547,-1.31512809098417,1.00022193815528,0.19,0.210292376776483,10861.4,10909.2,102.154650255878,-2.22645819520322,-0.297426766396332,1.25511557610338,0.820139383080535,0.13,0.449177638890677,10325.2,10445.1,102.020155018496,-1.97966727333862,-0.297426766395873,-1.25511557610245,0.411229475093908,0,0.861514373884845,8356.2,9097.6
"121",121,"A2_127_D2",3.095277751,2,3.10834485429543,0.427671120218194,15,-104.86181168993,-6.65189987194364,-5.53935833779959,-0.0534248435446404,1.98194009955105,0.544781693149193,0,0.303238396505722,6560.4,6605.7,102.466680041887,-0.292214775365768,0.717719667420209,-2.06603797129291,0.516056386651668,0,0.343896664413143,6494.6,6591.5,101.707873494213,0.856035575125098,0.717719667419821,-2.0660379712928,0.38576251397396,0,0.633378459542955,5927.9,6560
"122",122,"A2_128_D2",0.712827192,2,1.36987610661735,0.53098554626629,15,-102.408757147357,-1.78578936906142,-2.39886229077592,0.223478625431417,0.87837171401705,0.721592855977963,0.22,0.0637955484784197,7042.3,7087.5,102.146287233934,-0.948229767698452,-0.0528002662606308,-0.503865170534052,0.663043183470355,0.45,0.175172735365178,6906.2,7018,100.807582383678,0.970284212001166,-0.0528002661758093,0.503865170579745,0.371999141128208,0.18,0.74036499023608,5711.5,6377.7
"123",123,"A2_130_D2",0.248155,2,-2.42500224360044,0.650051075842177,15,-97.409537437444,-4.29975555374532,9.04675344830778,0.164946176039985,-2.08926498266319,0.934804454368721,0.03,0.323225850264424,6750.8,6795.1,101.627834385627,-0.0554180032010037,-0.78123807240794,1.87123351507395,0.692987250539481,0.01,0.615391354503543,6184.2,6284.3,102.662319563147,-0.111072136397813,-0.781238072408144,1.87123351507449,0.356478165004711,0,0.898226567920816,4943.7,5591.6
"124",124,"A2_131_D2",2.510882506,2,2.49859060211656,0.695284732762175,15,-102.506064090857,-1.37654591562814,-1.74972954632348,0.0978622655107012,2.32313379223167,0.57391768227774,0,0.0311685263870243,7444,7490.2,101.787444423093,0.0744454376460257,0.586359581902013,-2.13452008734266,0.490511364221173,0,0.257209493903088,7117.3,7233.7,101.045598224235,0.264002183835188,0.586359581900952,2.13452008734276,0.335282234828656,0,0.652952210729285,6273.5,6999.6
"125",125,"A2_132_D2",0.790479169,2,0.790135569566781,0.724871481958684,15,-100.824279746137,-4.55013034590625,-3.01736103153866,0.149160335429811,0.602026393591646,0.439271186204197,0.17,0.322097807768936,7063.7,7110.3,102.365183035298,-0.557897921014152,0.0850233940573531,-0.728284359084247,0.38735146014823,0.06,0.450069198022498,6797.6,6914,102.640851757461,0.00234109694496637,0.0850233940574772,-0.728284359084635,0.266363562539183,0.01,0.739955734999087,5928,6627.4
"126",126,"A2_133_D2",3.628622831,2,3.74399046200797,0.639937609587854,15,-100.079210781735,-3.7063290808628,-5.52820815512438,0.107031109453373,4.11120442883599,0.845034954844011,0,0.122746835537234,10619.8,10667.8,102.043826016318,1.70405656254052,1.03005128504923,-3.48225292054763,0.741697239509068,0,0.293202990387835,10292.9,10405.6,103.734620965785,3.44030420152682,1.03005128505352,3.48225292055158,0.346810206114047,0,0.845465618818876,8071.8,8829.3
"127",127,"A2_135_D2",2.198820994,2,2.21669888979643,0.491910964094809,15,-104.64443512251,-3.187631133576,-0.113588009886298,0.504128438901698,2.00675084230274,0.660247899773851,0,0.0871662148123187,8527.9,8574.9,102.837911505144,1.832628826909,0.113545036458135,-1.87855925466192,0.568547010796359,0,0.294338666265683,8185.2,8302.5,103.21037420642,0.704970621417205,0.113545036446844,-1.87855925467792,0.36951030912226,0,0.70193109023541,7111.4,7752.4
"128",128,"A2_136_D2",-0.184741234,2,-0.190299526563917,0.465508743709942,15,-103.070656119502,-2.14434892837298,3.29332286979105,-0.06980548411211,0.0178721446532026,0.715383986371314,0.98,0.111665403687098,7342.8,7388.4,102.04536709864,-0.897920933323246,0.126528855659322,-0.179901552651064,0.664930136156851,0.79,0.201824379935134,7223.5,7334.4,102.540204803306,-1.31571571932679,0.126528855659455,0.179901552650682,0.312746448359376,0.57,0.823424193757315,5569,6267
"129",129,"A2_137_D2",2.271132532,2,2.25809380099974,0.491543092455856,15,-98.8761792009473,-1.2363280552274,-4.76434234601097,0.112057988097766,2.32671244100982,1.05750443495685,0.03,0.0603591073979038,7333.1,7377.7,101.35392961855,2.01395185578163,0.57538173362757,-2.13895201068353,0.902825496919439,0.02,0.281358203088021,7057.3,7166.2,102.518511918624,1.24860122673093,0.57538173362729,-2.13895201068358,0.368341162104535,0,0.880379572735989,5285.2,5993.2
"130",130,"A2_138_D2",4.529067946,2,4.78494140004634,1.08678413043708,15,-104.481856051042,-5.01476512382632,1.75515589827653,-0.0739010763017396,5.06804631142553,0.990329854808066,0,0.0706921849829597,8657.9,8704,102.565988603058,-0.399063679129678,1.69598513240775,-4.9426554613388,0.891013485909423,0,0.2134973537341,8458.4,8573.6,101.689179607178,0.840134152845613,1.69598513240811,4.9426554613388,0.445099777656787,0,0.803733404928586,6854.1,7567.6
"131",131,"A2_140_D2",2.634038363,2,3.02921169034185,0.82087488584102,15,-101.115971198201,-6.69509494682654,-6.97296749876093,0.0407089422403104,2.24292909342662,0.581249623572335,0,0.240013861203053,9108.4,9156.2,101.967897881894,-0.790623552049764,0.515178475620271,-1.70282231479531,0.474993567800467,0,0.47034918273528,8578.5,8699.5,103.43926363561,0.82928527539176,0.51517847547636,-1.70282231486945,0.315162472015372,0,0.766824355369406,7465.4,8182.1
"132",132,"A2_143_D2",1.493941625,2,1.45071202044344,0.556852441972055,15,-106.579747481962,-1.57108487016715,0.340029189897084,0.165589189218515,1.1520001277768,0.669456645764337,0.09,0.0717455226646323,8823.8,8870.9,103.47765962307,-2.52662068781303,0.242087927237413,-1.23244197417812,0.58230271219855,0.03,0.26398024822879,8507.6,8625.6,107.038883586484,-1.74140893471673,0.242087927238714,1.23244197417669,0.364878328418971,0,0.711006561325533,7317,8042.3
